file,average_score,average_time,solution,nodes,edges
Instances/Set_32_234/p1.4.r.txt,30.0,2.5034009218215942,"[[(10, 14), (8, 13), (11, 12), (11, 14)], [(10, 14), (8, 17), (10, 18), (11, 14)]]",32,496
Instances/Set_64_234/p6.2.a.txt,168.0,3.4738657474517822,"[[(10, 14), (8, 13), (11, 12), (11, 14)], [(10, 14), (8, 17), (10, 18), (11, 14)]]",32,496
Instances/Set_33_234/p3.2.k.txt,120.0,2.773227095603943,"[[(0, 1), (1, 2), (2, 3), (3, 6), (2, 7), (0, 7)], [(0, 1), (2, 1), (3, 2), (3, 4), (2, 5), (1, 6), (0, 7)]]",32,496
Instances/Set_102_234/p7.4.r.txt,30.0,21.153793215751648,"[[(0, 1), (1, 2), (3, 4), (3, 6), (2, 7), (0, 7)], [(0, 1), (1, 0), (2, 1), (2, 3), (2, 5), (1, 6), (0, 7)]]",32,496
Instances/Set_64_234/p6.3.k.txt,168.0,3.545770764350891,"[[(19, 24), (21, 25), (21, 27), (18, 25), (18, 24)], [(19, 24), (18, 26), (17, 28), (16, 28), (18, 24)]]",31,465
Instances/Set_64_234/p6.4.f.txt,165.0,3.4170989990234375,"[[(19, 24), (21, 25), (21, 27), (18, 26), (18, 25), (18, 24)], [(19, 24), (17, 28), (16, 28), (18, 24)]]",31,465
Instances/Set_102_234/p7.4.i.txt,30.0,21.63953387737274,"[[(35, 35), (37, 31), (35, 35)], [(35, 35), (35, 40), (35, 35)]]",101,5050
Instances/Set_33_234/p3.2.q.txt,120.0,2.7191165685653687,"[[(35, 35), (37, 31), (35, 35)], [(35, 35), (35, 40), (35, 35)]]",101,5050
Instances/Set_33_234/p3.2.h.txt,115.0,2.7709131240844727,"[[(0, 1), (1, 0), (2, 1), (2, 3), (1, 4), (1, 6), (0, 7)], [(0, 1), (1, 2), (3, 4), (3, 6), (2, 7), (0, 7)]]",32,496
Instances/Set_21_234/p2.3.c.txt,125.0,1.7836838960647583,"[[(0, 1), (2, 3), (3, 4), (3, 6), (2, 7), (0, 7)], [(0, 1), (1, 0), (2, 1), (1, 2), (1, 4), (1, 6), (0, 7)]]",32,496
Instances/Set_64_234/p6.4.m.txt,165.0,3.445297360420227,"[[(0, 1), (1, 0), (2, 1), (0, 3), (0, 7)], [(0, 1), (1, 2), (2, 3), (3, 4), (3, 6), (2, 7), (0, 7)]]",32,496
Instances/Set_32_234/p1.3.c.txt,30.0,2.592109441757202,"[[(0, 1), (1, 0), (2, 1), (1, 4), (1, 6), (0, 7)], [(0, 1), (1, 2), (2, 3), (3, 4), (3, 6), (2, 7), (0, 7)]]",32,496
Instances/Set_102_234/p7.3.e.txt,30.0,21.160734057426453,"[[(35, 35), (37, 31), (35, 35)], [(35, 35), (35, 40), (35, 35)]]",101,5050
Instances/Set_102_234/p7.2.d.txt,30.0,21.011043787002563,"[[(35, 35), (37, 31), (35, 35)], [(35, 35), (35, 40), (35, 35)]]",101,5050
Instances/Set_33_234/p3.4.r.txt,120.0,2.7739425897598267,"[[(19, 24), (21, 27), (21, 25), (18, 25), (18, 24)], [(19, 24), (18, 26), (17, 28), (16, 28), (18, 24)]]",31,465
Instances/Set_102_234/p7.4.d.txt,30.0,21.10889494419098,"[[(19, 24), (21, 25), (21, 27), (18, 26), (18, 25), (18, 24)], [(19, 24), (17, 28), (16, 28), (18, 24)]]",31,465
Instances/Set_102_234/p7.4.h.txt,30.0,21.172016859054565,"[[(19, 24), (21, 27), (21, 25), (18, 25), (18, 24)], [(19, 24), (18, 26), (17, 28), (16, 28), (18, 24)]]",31,465
Instances/Set_64_234/p6.2.d.txt,168.0,3.4459561109542847,"[[(19, 24), (18, 26), (18, 25), (21, 25), (18, 24)], [(19, 24), (20, 28), (21, 27), (18, 24)]]",31,465
Instances/Set_32_234/p1.3.e.txt,30.0,2.537051796913147,"[[(4, 7), (7, 8), (8, 9), (6, 7), (5, 5)], [(4, 7), (5, 8), (4, 8), (3, 9), (5, 6), (6, 5), (5, 5)]]",21,210
Instances/Set_66_234/p5.4.l.txt,50.0,1.1520119905471802,"[[(4, 7), (5, 8), (3, 9), (4, 8), (6, 5), (5, 5)], [(4, 7), (8, 9), (7, 8), (6, 7), (5, 6), (5, 5)]]",21,210
Instances/Set_66_234/p5.2.p.txt,50.0,1.1333296298980713,"[[(0, 1), (2, 3), (3, 4), (3, 6), (2, 7), (0, 7)], [(0, 1), (1, 0), (2, 1), (1, 2), (1, 4), (0, 5), (0, 7)]]",32,496
Instances/Set_32_234/p1.4.b.txt,30.0,2.524141550064087,"[[(0, 1), (1, 2), (2, 3), (3, 6), (2, 7), (0, 7)], [(0, 1), (2, 1), (3, 2), (3, 4), (2, 5), (0, 7)]]",32,496
Instances/Set_102_234/p7.3.o.txt,30.0,21.087284684181213,"[[(10, 14), (8, 13), (11, 12), (11, 14)], [(10, 14), (8, 17), (10, 18), (11, 14)]]",32,496
Instances/Set_102_234/p7.2.r.txt,30.0,21.119317173957825,"[[(10, 14), (11, 12), (8, 13), (11, 14)], [(10, 14), (8, 17), (10, 18), (11, 14)]]",32,496
Instances/Set_33_234/p3.3.j.txt,120.0,2.8241389989852905,"[[(35, 35), (37, 31), (35, 35)], [(35, 35), (35, 40), (35, 35)]]",101,5050
Instances/Set_64_234/p6.3.f.txt,159.0,3.471177577972412,"[[(35, 35), (37, 31), (35, 35)], [(35, 35), (35, 40), (35, 35)]]",101,5050
Instances/Set_102_234/p7.3.d.txt,30.0,21.033895611763,"[[(35, 35), (37, 31), (35, 35)], [(35, 35), (35, 40), (35, 35)]]",101,5050
Instances/Set_102_234/p7.2.a.txt,30.0,21.06788992881775,"[[(35, 35), (37, 31), (35, 35)], [(35, 35), (35, 40), (35, 35)]]",101,5050
Instances/Set_66_234/p5.4.a.txt,50.0,1.135333776473999,"[[(19, 24), (21, 27), (21, 25), (18, 25), (18, 24)], [(19, 24), (18, 26), (17, 28), (16, 28), (18, 24)]]",31,465
Instances/Set_21_234/p2.3.g.txt,125.0,1.8314642906188965,"[[(19, 24), (21, 27), (21, 25), (18, 25), (18, 24)], [(19, 24), (18, 26), (17, 28), (16, 28), (18, 24)]]",31,465
Instances/Set_64_234/p6.3.a.txt,168.0,3.5024759769439697,"[[(35, 35), (37, 31), (35, 35)], [(35, 35), (35, 40), (35, 35)]]",101,5050
Instances/Set_32_234/p1.2.k.txt,30.0,2.6124662160873413,"[[(35, 35), (37, 31), (35, 35)], [(35, 35), (35, 40), (35, 35)]]",101,5050
Instances/Set_64_234/p6.2.c.txt,168.0,3.556331753730774,"[[(35, 35), (37, 31), (35, 35)], [(35, 35), (35, 40), (35, 35)]]",101,5050
Instances/Set_64_234/p6.3.c.txt,168.0,3.5193127393722534,"[[(35, 35), (37, 31), (35, 35)], [(35, 35), (35, 40), (35, 35)]]",101,5050
Instances/Set_102_234/p7.4.a.txt,30.0,21.14565896987915,"[[(0, 1), (1, 2), (3, 4), (3, 6), (2, 7), (0, 7)], [(0, 1), (1, 0), (2, 1), (2, 3), (1, 4), (1, 6), (0, 7)]]",32,496
Instances/Set_33_234/p3.2.g.txt,120.0,2.7165257930755615,"[[(0, 1), (1, 2), (3, 4), (3, 6), (2, 7), (0, 7)], [(0, 1), (1, 0), (2, 1), (2, 3), (2, 5), (1, 6), (0, 7)]]",32,496
Instances/Set_33_234/p3.2.p.txt,120.0,2.688782811164856,"[[(10, 14), (11, 12), (8, 13), (11, 14)], [(10, 14), (8, 17), (10, 18), (11, 14)]]",32,496
Instances/Set_66_234/p5.2.l.txt,50.0,1.1231410503387451,"[[(10, 14), (8, 13), (11, 12), (11, 14)], [(10, 14), (8, 17), (10, 18), (11, 14)]]",32,496
Instances/Set_32_234/p1.3.n.txt,30.0,2.524361491203308,"[[(0, 0), (1, 3), (0, 0)], [(0, 0), (1, 1), (3, 3), (3, 1), (0, 0)]]",17,136
Instances/Set_102_234/p7.4.e.txt,30.0,21.185905694961548,"[[(0, 0), (3, 1), (0, 0)], [(0, 0), (3, 3), (1, 3), (1, 1), (0, 0)]]",17,136
Instances/Set_32_234/p1.3.i.txt,30.0,2.4993187189102173,"[[(0, 0), (3, 3), (1, 1), (0, 0)], [(0, 0), (3, 1), (1, 3), (0, 0)]]",17,136
Instances/Set_32_234/p1.3.o.txt,30.0,2.5048707723617554,"[[(0, 0), (1, 3), (0, 0)], [(0, 0), (3, 3), (3, 1), (1, 1), (0, 0)]]",17,136
Instances/Set_21_234/p2.2.j.txt,125.0,1.6867663860321045,"[[(10, 14), (11, 12), (8, 13), (11, 14)], [(10, 14), (8, 17), (11, 17), (11, 14)]]",32,496
Instances/Set_102_234/p7.4.j.txt,30.0,21.565023064613342,"[[(10, 14), (8, 13), (11, 12), (11, 14)], [(10, 14), (8, 17), (10, 18), (11, 14)]]",32,496
Instances/Set_66_234/p5.2.g.txt,50.0,1.1359072923660278,"[[(35, 35), (37, 31), (35, 35)], [(35, 35), (35, 40), (35, 35)]]",101,5050
Instances/Set_32_234/p1.4.j.txt,30.0,2.519255042076111,"[[(35, 35), (37, 31), (35, 35)], [(35, 35), (35, 40), (35, 35)]]",101,5050
Instances/Set_66_234/p5.4.u.txt,50.0,1.1551692485809326,"[[(35, 35), (37, 31), (35, 35)], [(35, 35), (35, 40), (35, 35)]]",101,5050
Instances/Set_102_234/p7.3.p.txt,30.0,21.378554463386536,"[[(35, 35), (37, 31), (35, 35)], [(35, 35), (35, 40), (35, 35)]]",101,5050
Instances/Set_64_234/p6.2.i.txt,168.0,3.442141056060791,"[[(19, 24), (21, 27), (21, 25), (18, 25), (18, 24)], [(19, 24), (18, 26), (17, 28), (16, 28), (18, 24)]]",31,465
Instances/Set_33_234/p3.3.b.txt,120.0,2.7771440744400024,"[[(19, 24), (21, 25), (21, 27), (18, 26), (18, 25), (18, 24)], [(19, 24), (17, 28), (16, 28), (18, 24)]]",31,465
Instances/Set_66_234/p5.4.h.txt,50.0,1.1604599952697754,"[[(0, 1), (1, 0), (2, 1), (1, 2), (1, 4), (0, 5), (0, 7)], [(0, 1), (2, 3), (3, 4), (3, 6), (1, 6), (0, 7)]]",32,496
Instances/Set_66_234/p5.4.r.txt,50.0,1.1418046951293945,"[[(0, 1), (2, 1), (3, 2), (2, 3), (1, 4), (0, 5), (0, 7)], [(0, 1), (1, 2), (3, 4), (3, 6), (2, 7), (0, 7)]]",32,496
Instances/Set_32_234/p1.3.q.txt,30.0,2.5567071437835693,"[[(35, 35), (37, 31), (35, 35)], [(35, 35), (35, 40), (35, 35)]]",101,5050
Instances/Set_21_234/p2.3.h.txt,125.0,1.726143717765808,"[[(35, 35), (37, 31), (35, 35)], [(35, 35), (35, 40), (35, 35)]]",101,5050
Instances/Set_32_234/p1.4.d.txt,30.0,2.5390591621398926,"[[(35, 35), (37, 31), (35, 35)], [(35, 35), (35, 40), (35, 35)]]",101,5050
Instances/Set_32_234/p1.4.a.txt,30.0,2.54020619392395,"[[(35, 35), (37, 31), (35, 35)], [(35, 35), (35, 40), (35, 35)]]",101,5050
Instances/Set_64_234/p6.4.j.txt,168.0,3.396023988723755,"[[(0, 0), (1, 3), (0, 0)], [(0, 0), (3, 3), (3, 1), (1, 1), (0, 0)]]",17,136
Instances/Set_102_234/p7.3.t.txt,30.0,21.389232635498047,"[[(0, 0), (3, 3), (0, 0)], [(0, 0), (3, 1), (1, 3), (1, 1), (0, 0)]]",17,136
Instances/Set_33_234/p3.3.s.txt,120.0,2.747800588607788,"[[(4, 7), (7, 8), (8, 9), (5, 5)], [(4, 7), (3, 9), (4, 8), (5, 8), (6, 7), (5, 6), (6, 5), (5, 5)]]",21,210
Instances/Set_33_234/p3.4.g.txt,120.0,2.7852593660354614,"[[(4, 7), (3, 9), (4, 8), (5, 8), (6, 7), (6, 5), (5, 5)], [(4, 7), (7, 8), (8, 9), (5, 6), (5, 5)]]",21,210
Instances/Set_64_234/p6.3.l.txt,165.0,3.478352665901184,"[[(0, 1), (2, 3), (3, 4), (3, 6), (2, 7), (0, 7)], [(0, 1), (1, 0), (2, 1), (1, 2), (1, 4), (1, 6), (0, 7)]]",32,496
Instances/Set_66_234/p5.3.k.txt,50.0,1.143742561340332,"[[(0, 1), (1, 2), (3, 4), (3, 6), (2, 7), (0, 7)], [(0, 1), (1, 0), (2, 1), (2, 3), (2, 5), (1, 6), (0, 7)]]",32,496
Instances/Set_102_234/p7.4.c.txt,30.0,21.354745745658875,"[[(10, 14), (11, 12), (8, 13), (11, 14)], [(10, 14), (8, 17), (10, 18), (11, 14)]]",32,496
Instances/Set_21_234/p2.2.d.txt,125.0,1.8143483400344849,"[[(10, 14), (8, 13), (11, 12), (11, 14)], [(10, 14), (8, 17), (10, 18), (11, 14)]]",32,496
Instances/Set_33_234/p3.2.m.txt,120.0,2.700935482978821,"[[(0, 1), (1, 2), (3, 4), (3, 6), (2, 7), (0, 7)], [(0, 1), (1, 0), (2, 1), (2, 3), (1, 4), (0, 5), (0, 7)]]",32,496
Instances/Set_102_234/p7.4.q.txt,30.0,21.27763032913208,"[[(0, 1), (2, 3), (3, 4), (3, 6), (2, 7), (0, 7)], [(0, 1), (1, 0), (2, 1), (1, 2), (0, 3), (0, 5), (0, 7)]]",32,496
Instances/Set_102_234/p7.3.n.txt,30.0,21.31255543231964,"[[(0, 1), (1, 2), (2, 3), (3, 4), (3, 6), (2, 7), (0, 7)], [(0, 1), (1, 0), (2, 1), (2, 5), (1, 6), (0, 7)]]",32,496
Instances/Set_66_234/p5.4.s.txt,50.0,1.1565779447555542,"[[(0, 1), (1, 2), (3, 4), (3, 6), (2, 7), (0, 7)], [(0, 1), (1, 0), (2, 1), (2, 3), (2, 5), (1, 6), (0, 7)]]",32,496
Instances/Set_32_234/p1.2.d.txt,30.0,2.5404775142669678,"[[(35, 35), (37, 31), (35, 35)], [(35, 35), (35, 40), (35, 35)]]",101,5050
Instances/Set_64_234/p6.3.j.txt,168.0,3.477881908416748,"[[(35, 35), (37, 31), (35, 35)], [(35, 35), (35, 40), (35, 35)]]",101,5050
Instances/Set_102_234/p7.3.k.txt,30.0,21.115854382514954,"[[(19, 24), (21, 25), (21, 27), (18, 26), (18, 25), (18, 24)], [(19, 24), (17, 28), (16, 28), (18, 24)]]",31,465
Instances/Set_33_234/p3.2.s.txt,120.0,2.747409462928772,"[[(19, 24), (21, 25), (21, 27), (18, 26), (18, 25), (18, 24)], [(19, 24), (17, 28), (16, 28), (18, 24)]]",31,465
Instances/Set_102_234/p7.3.b.txt,30.0,21.164652347564697,"[[(19, 24), (21, 25), (21, 27), (18, 26), (18, 25), (18, 24)], [(19, 24), (17, 28), (16, 28), (18, 24)]]",31,465
Instances/Set_102_234/p7.3.s.txt,30.0,21.279741644859314,"[[(19, 24), (21, 27), (21, 25), (18, 25), (18, 24)], [(19, 24), (18, 26), (17, 28), (16, 28), (18, 24)]]",31,465
Instances/Set_102_234/p7.3.i.txt,30.0,21.255785822868347,"[[(0, 0), (3, 3), (0, 0)], [(0, 0), (1, 3), (3, 1), (1, 1), (0, 0)]]",17,136
Instances/Set_32_234/p1.3.h.txt,30.0,2.5386215448379517,"[[(0, 0), (3, 3), (0, 0)], [(0, 0), (1, 1), (1, 3), (3, 1), (0, 0)]]",17,136
Instances/Set_21_234/p2.3.j.txt,125.0,1.7785841226577759,"[[(10, 14), (8, 13), (11, 12), (11, 14)], [(10, 14), (8, 17), (11, 17), (11, 14)]]",32,496
Instances/Set_64_234/p6.4.l.txt,162.0,3.4598639011383057,"[[(10, 14), (8, 13), (11, 12), (11, 14)], [(10, 14), (8, 17), (11, 17), (11, 14)]]",32,496
Instances/Set_33_234/p3.3.h.txt,120.0,2.7582677602767944,"[[(35, 35), (37, 31), (35, 35)], [(35, 35), (35, 40), (35, 35)]]",101,5050
Instances/Set_64_234/p6.2.b.txt,159.0,3.4766125679016113,"[[(35, 35), (37, 31), (35, 35)], [(35, 35), (35, 40), (35, 35)]]",101,5050
Instances/Set_102_234/p7.2.n.txt,30.0,20.930825233459473,"[[(10, 14), (8, 13), (11, 12), (11, 14)], [(10, 14), (8, 17), (10, 18), (11, 14)]]",32,496
Instances/Set_66_234/p5.3.j.txt,50.0,1.1349884271621704,"[[(10, 14), (8, 13), (11, 12), (11, 14)], [(10, 14), (8, 17), (10, 18), (11, 14)]]",32,496
Instances/Set_21_234/p2.2.g.txt,125.0,1.7236441373825073,"[[(10, 14), (8, 13), (11, 12), (11, 14)], [(10, 14), (8, 17), (11, 17), (11, 14)]]",32,496
Instances/Set_102_234/p7.4.f.txt,30.0,21.26024603843689,"[[(10, 14), (11, 12), (8, 13), (11, 14)], [(10, 14), (8, 17), (11, 17), (11, 14)]]",32,496
Instances/Set_66_234/p5.4.v.txt,50.0,1.1462315320968628,"[[(4, 7), (4, 8), (3, 9), (5, 8), (6, 5), (5, 5)], [(4, 7), (8, 9), (7, 8), (6, 7), (5, 6), (5, 5)]]",21,210
Instances/Set_33_234/p3.2.j.txt,120.0,2.7720409631729126,"[[(4, 7), (5, 8), (8, 9), (7, 8), (5, 5)], [(4, 7), (3, 9), (4, 8), (6, 7), (5, 6), (6, 5), (5, 5)]]",21,210
Instances/Set_33_234/p3.3.c.txt,120.0,2.6935209035873413,"[[(35, 35), (37, 31), (35, 35)], [(35, 35), (35, 40), (35, 35)]]",101,5050
Instances/Set_66_234/p5.4.o.txt,50.0,1.1449583768844604,"[[(35, 35), (37, 31), (35, 35)], [(35, 35), (35, 40), (35, 35)]]",101,5050
Instances/Set_32_234/p1.2.o.txt,30.0,2.4128655195236206,"[[(0, 0), (3, 3), (1, 1), (0, 0)], [(0, 0), (1, 3), (3, 1), (0, 0)]]",17,136
Instances/Set_33_234/p3.4.f.txt,120.0,2.7602680921554565,"[[(0, 0), (3, 3), (0, 0)], [(0, 0), (1, 3), (3, 1), (1, 1), (0, 0)]]",17,136
Instances/Set_21_234/p2.2.e.txt,125.0,1.7019306421279907,"[[(10, 14), (8, 13), (11, 12), (11, 14)], [(10, 14), (8, 17), (11, 17), (11, 14)]]",32,496
Instances/Set_64_234/p6.4.a.txt,159.0,3.2539334297180176,"[[(10, 14), (8, 13), (11, 12), (11, 14)], [(10, 14), (8, 17), (10, 18), (11, 14)]]",32,496
Instances/Set_33_234/p3.2.a.txt,120.0,2.745928406715393,"[[(0, 0), (3, 3), (0, 0)], [(0, 0), (1, 3), (3, 1), (1, 1), (0, 0)]]",17,136
Instances/Set_33_234/p3.2.t.txt,120.0,2.707160234451294,"[[(0, 0), (1, 3), (1, 1), (0, 0)], [(0, 0), (3, 3), (3, 1), (0, 0)]]",17,136
Instances/Set_66_234/p5.3.v.txt,50.0,1.099195122718811,"[[(35, 35), (37, 31), (35, 35)], [(35, 35), (35, 40), (35, 35)]]",101,5050
Instances/Set_66_234/p5.3.b.txt,50.0,1.147623896598816,"[[(35, 35), (37, 31), (35, 35)], [(35, 35), (35, 40), (35, 35)]]",101,5050
Instances/Set_32_234/p1.2.a.txt,30.0,2.4813538789749146,"[[(0, 1), (1, 2), (2, 3), (3, 4), (3, 6), (2, 7), (0, 7)], [(0, 1), (1, 0), (2, 1), (2, 5), (1, 6), (0, 7)]]",32,496
Instances/Set_33_234/p3.3.i.txt,120.0,2.6920207738876343,"[[(0, 1), (2, 1), (3, 2), (2, 3), (1, 4), (1, 6), (0, 7)], [(0, 1), (1, 2), (3, 4), (3, 6), (2, 7), (0, 7)]]",32,496
Instances/Set_33_234/p3.4.t.txt,120.0,2.7229827642440796,"[[(19, 24), (21, 27), (21, 25), (18, 25), (18, 24)], [(19, 24), (18, 26), (17, 28), (16, 28), (18, 24)]]",31,465
Instances/Set_102_234/p7.3.l.txt,30.0,21.15809464454651,"[[(19, 24), (21, 25), (21, 27), (18, 26), (18, 25), (18, 24)], [(19, 24), (17, 28), (16, 28), (18, 24)]]",31,465
Instances/Set_33_234/p3.2.n.txt,120.0,2.7118570804595947,"[[(0, 0), (3, 1), (0, 0)], [(0, 0), (1, 1), (1, 3), (3, 3), (0, 0)]]",17,136
Instances/Set_102_234/p7.4.o.txt,30.0,21.061890959739685,"[[(0, 0), (1, 3), (0, 0)], [(0, 0), (1, 1), (3, 1), (3, 3), (0, 0)]]",17,136
Instances/Set_33_234/p3.3.k.txt,120.0,2.7312122583389282,"[[(0, 0), (3, 3), (1, 1), (0, 0)], [(0, 0), (1, 3), (3, 1), (0, 0)]]",17,136
Instances/Set_66_234/p5.3.l.txt,50.0,1.137976050376892,"[[(0, 0), (3, 3), (0, 0)], [(0, 0), (3, 1), (1, 3), (1, 1), (0, 0)]]",17,136
Instances/Set_33_234/p3.3.p.txt,120.0,2.725982427597046,"[[(10, 14), (8, 13), (11, 12), (11, 14)], [(10, 14), (8, 17), (11, 17), (11, 14)]]",32,496
Instances/Set_32_234/p1.2.h.txt,30.0,2.5301839113235474,"[[(10, 14), (8, 13), (11, 12), (11, 14)], [(10, 14), (8, 17), (10, 18), (11, 14)]]",32,496
Instances/Set_66_234/p5.4.f.txt,50.0,1.1193475723266602,"[[(4, 7), (4, 8), (3, 9), (5, 8), (6, 5), (5, 5)], [(4, 7), (7, 8), (8, 9), (6, 7), (5, 6), (5, 5)]]",21,210
Instances/Set_32_234/p1.3.b.txt,30.0,2.441903233528137,"[[(4, 7), (5, 8), (3, 9), (4, 8), (6, 5), (5, 5)], [(4, 7), (8, 9), (7, 8), (6, 7), (5, 6), (5, 5)]]",21,210
Instances/Set_64_234/p6.4.n.txt,165.0,3.331787943840027,"[[(10, 14), (8, 13), (11, 12), (11, 14)], [(10, 14), (8, 17), (10, 18), (11, 14)]]",32,496
Instances/Set_33_234/p3.4.m.txt,120.0,2.76454758644104,"[[(10, 14), (8, 13), (11, 12), (11, 14)], [(10, 14), (8, 17), (11, 17), (11, 14)]]",32,496
Instances/Set_21_234/p2.2.i.txt,125.0,1.773148536682129,"[[(10, 14), (8, 13), (11, 12), (11, 14)], [(10, 14), (8, 17), (10, 18), (11, 14)]]",32,496
Instances/Set_33_234/p3.4.e.txt,120.0,2.745996832847595,"[[(10, 14), (8, 13), (11, 12), (11, 14)], [(10, 14), (8, 17), (11, 17), (11, 14)]]",32,496
Instances/Set_66_234/p5.4.t.txt,50.0,1.1256670951843262,"[[(0, 1), (1, 0), (2, 1), (1, 2), (0, 3), (0, 5), (0, 7)], [(0, 1), (2, 3), (3, 4), (3, 6), (2, 7), (0, 7)]]",32,496
Instances/Set_66_234/p5.3.c.txt,50.0,1.1556730270385742,"[[(0, 1), (1, 0), (2, 1), (2, 3), (1, 4), (0, 5), (0, 7)], [(0, 1), (1, 2), (3, 4), (3, 6), (2, 7), (0, 7)]]",32,496
Instances/Set_66_234/p5.3.a.txt,50.0,1.1258838176727295,"[[(35, 35), (37, 31), (35, 35)], [(35, 35), (35, 40), (35, 35)]]",101,5050
Instances/Set_32_234/p1.4.h.txt,30.0,2.5490057468414307,"[[(35, 35), (37, 31), (35, 35)], [(35, 35), (35, 40), (35, 35)]]",101,5050
Instances/Set_21_234/p2.3.d.txt,125.0,1.7340095043182373,"[[(19, 24), (21, 25), (21, 27), (18, 25), (18, 24)], [(19, 24), (18, 26), (17, 28), (16, 28), (18, 24)]]",31,465
Instances/Set_32_234/p1.3.r.txt,30.0,2.5294188261032104,"[[(19, 24), (21, 25), (21, 27), (18, 26), (18, 25), (18, 24)], [(19, 24), (17, 28), (16, 28), (18, 24)]]",31,465
Instances/Set_21_234/p2.3.b.txt,125.0,1.7863593101501465,"[[(19, 24), (21, 25), (21, 27), (18, 26), (18, 25), (18, 24)], [(19, 24), (17, 28), (16, 28), (18, 24)]]",31,465
Instances/Set_32_234/p1.4.m.txt,30.0,2.4873740673065186,"[[(19, 24), (21, 27), (21, 25), (18, 25), (18, 24)], [(19, 24), (18, 26), (17, 28), (16, 28), (18, 24)]]",31,465
Instances/Set_66_234/p5.4.w.txt,50.0,1.1229708194732666,"[[(0, 1), (1, 2), (1, 4), (2, 5), (3, 6), (2, 7), (0, 7)], [(0, 1), (1, 0), (2, 1), (2, 3), (0, 5), (0, 7)]]",32,496
Instances/Set_66_234/p5.3.r.txt,50.0,1.1418704986572266,"[[(0, 1), (1, 2), (3, 4), (3, 6), (2, 7), (0, 7)], [(0, 1), (2, 1), (3, 2), (2, 3), (2, 5), (1, 6), (0, 7)]]",32,496
Instances/Set_66_234/p5.4.c.txt,50.0,1.1291184425354004,"[[(0, 0), (3, 1), (1, 1), (0, 0)], [(0, 0), (1, 3), (3, 3), (0, 0)]]",17,136
Instances/Set_32_234/p1.4.l.txt,30.0,2.4856300354003906,"[[(0, 0), (1, 3), (0, 0)], [(0, 0), (3, 1), (3, 3), (1, 1), (0, 0)]]",17,136
Instances/Set_33_234/p3.4.i.txt,120.0,2.776935577392578,"[[(35, 35), (37, 31), (35, 35)], [(35, 35), (35, 40), (35, 35)]]",101,5050
Instances/Set_66_234/p5.2.w.txt,50.0,1.1279032230377197,"[[(35, 35), (37, 31), (35, 35)], [(35, 35), (35, 40), (35, 35)]]",101,5050
Instances/Set_102_234/p7.3.g.txt,30.0,21.1448814868927,"[[(4, 7), (8, 9), (7, 8), (6, 7), (5, 5)], [(4, 7), (5, 8), (4, 8), (3, 9), (5, 6), (6, 5), (5, 5)]]",21,210
Instances/Set_33_234/p3.2.d.txt,120.0,2.6970919370651245,"[[(4, 7), (5, 8), (3, 9), (4, 8), (6, 5), (5, 5)], [(4, 7), (7, 8), (8, 9), (6, 7), (5, 6), (5, 5)]]",21,210
Instances/Set_66_234/p5.2.u.txt,50.0,1.1033076047897339,"[[(19, 24), (21, 27), (21, 25), (18, 25), (18, 24)], [(19, 24), (18, 26), (17, 28), (16, 28), (18, 24)]]",31,465
Instances/Set_102_234/p7.2.l.txt,30.0,21.125763654708862,"[[(19, 24), (21, 27), (21, 25), (18, 25), (18, 24)], [(19, 24), (18, 26), (17, 28), (16, 28), (18, 24)]]",31,465
Instances/Set_66_234/p5.3.u.txt,50.0,1.118289589881897,"[[(35, 35), (37, 31), (35, 35)], [(35, 35), (35, 40), (35, 35)]]",101,5050
Instances/Set_66_234/p5.3.g.txt,50.0,1.1007146835327148,"[[(35, 35), (37, 31), (35, 35)], [(35, 35), (35, 40), (35, 35)]]",101,5050
Instances/Set_102_234/p7.2.c.txt,30.0,21.10777175426483,"[[(35, 35), (37, 31), (35, 35)], [(35, 35), (35, 40), (35, 35)]]",101,5050
Instances/Set_32_234/p1.3.l.txt,30.0,2.5388070344924927,"[[(35, 35), (37, 31), (35, 35)], [(35, 35), (35, 40), (35, 35)]]",101,5050
Instances/Set_102_234/p7.2.t.txt,30.0,21.11836040019989,"[[(0, 0), (3, 3), (0, 0)], [(0, 0), (1, 3), (3, 1), (1, 1), (0, 0)]]",17,136
Instances/Set_66_234/p5.4.k.txt,50.0,1.149387001991272,"[[(0, 0), (3, 3), (0, 0)], [(0, 0), (1, 3), (3, 1), (1, 1), (0, 0)]]",17,136
Instances/Set_64_234/p6.4.c.txt,159.0,3.255895972251892,"[[(10, 14), (8, 13), (11, 12), (11, 14)], [(10, 14), (8, 17), (10, 18), (11, 14)]]",32,496
Instances/Set_21_234/p2.2.k.txt,125.0,1.6590439081192017,"[[(10, 14), (8, 13), (11, 12), (11, 14)], [(10, 14), (8, 17), (10, 18), (11, 14)]]",32,496
Instances/Set_66_234/p5.2.k.txt,50.0,1.1468502283096313,"[[(0, 1), (2, 3), (3, 4), (3, 6), (2, 7), (0, 7)], [(0, 1), (1, 0), (2, 1), (1, 2), (0, 3), (0, 5), (0, 7)]]",32,496
Instances/Set_33_234/p3.4.l.txt,120.0,2.7201623916625977,"[[(0, 1), (1, 2), (3, 4), (3, 6), (2, 7), (0, 7)], [(0, 1), (1, 0), (2, 1), (2, 3), (2, 5), (1, 6), (0, 7)]]",32,496
Instances/Set_33_234/p3.4.s.txt,120.0,2.7331161499023438,"[[(35, 35), (37, 31), (35, 35)], [(35, 35), (35, 40), (35, 35)]]",101,5050
Instances/Set_33_234/p3.2.i.txt,120.0,2.7099976539611816,"[[(35, 35), (37, 31), (35, 35)], [(35, 35), (35, 40), (35, 35)]]",101,5050
Instances/Set_102_234/p7.2.e.txt,30.0,21.003551244735718,"[[(19, 24), (21, 25), (21, 27), (18, 26), (18, 25), (18, 24)], [(19, 24), (17, 28), (16, 28), (18, 24)]]",31,465
Instances/Set_102_234/p7.4.p.txt,30.0,21.182907700538635,"[[(19, 24), (21, 25), (21, 27), (18, 26), (18, 25), (18, 24)], [(19, 24), (17, 28), (16, 28), (18, 24)]]",31,465
Instances/Set_33_234/p3.3.d.txt,120.0,2.7342971563339233,"[[(35, 35), (37, 31), (35, 35)], [(35, 35), (35, 40), (35, 35)]]",101,5050
Instances/Set_66_234/p5.2.i.txt,50.0,1.1257041692733765,"[[(35, 35), (37, 31), (35, 35)], [(35, 35), (35, 40), (35, 35)]]",101,5050
Instances/Set_66_234/p5.2.t.txt,50.0,1.1355258226394653,"[[(35, 35), (37, 31), (35, 35)], [(35, 35), (35, 40), (35, 35)]]",101,5050
Instances/Set_66_234/p5.3.o.txt,50.0,1.2551671266555786,"[[(35, 35), (37, 31), (35, 35)], [(35, 35), (35, 40), (35, 35)]]",101,5050
Instances/Set_66_234/p5.3.s.txt,50.0,1.1566694974899292,"[[(35, 35), (37, 31), (35, 35)], [(35, 35), (35, 40), (35, 35)]]",101,5050
Instances/Set_32_234/p1.4.p.txt,30.0,2.462562918663025,"[[(35, 35), (37, 31), (35, 35)], [(35, 35), (35, 40), (35, 35)]]",101,5050
Instances/Set_64_234/p6.4.e.txt,165.0,3.3171863555908203,"[[(10, 14), (8, 13), (11, 12), (11, 14)], [(10, 14), (8, 17), (11, 17), (11, 14)]]",32,496
Instances/Set_66_234/p5.2.o.txt,50.0,1.1311821937561035,"[[(10, 14), (8, 13), (11, 12), (11, 14)], [(10, 14), (8, 17), (10, 18), (11, 14)]]",32,496
Instances/Set_64_234/p6.4.g.txt,162.0,3.513709306716919,"[[(4, 7), (4, 8), (3, 9), (6, 5), (5, 5)], [(4, 7), (5, 8), (8, 9), (7, 8), (6, 7), (5, 6), (5, 5)]]",21,210
Instances/Set_21_234/p2.3.i.txt,125.0,1.7411373853683472,"[[(4, 7), (8, 9), (7, 8), (5, 5)], [(4, 7), (3, 9), (4, 8), (5, 8), (6, 7), (5, 6), (6, 5), (5, 5)]]",21,210
Instances/Set_64_234/p6.3.i.txt,168.0,3.404802680015564,"[[(0, 1), (2, 3), (3, 4), (3, 6), (2, 7), (0, 7)], [(0, 1), (1, 0), (2, 1), (1, 2), (1, 4), (1, 6), (0, 7)]]",32,496
Instances/Set_66_234/p5.2.h.txt,50.0,1.1417666673660278,"[[(0, 1), (1, 2), (3, 2), (3, 4), (2, 5), (0, 7)], [(0, 1), (1, 0), (2, 1), (2, 3), (1, 4), (0, 5), (0, 7)]]",32,496
Instances/Set_21_234/p2.4.b.txt,125.0,1.7831906080245972,"[[(19, 24), (21, 27), (21, 25), (18, 25), (18, 24)], [(19, 24), (18, 26), (17, 28), (16, 28), (18, 24)]]",31,465
Instances/Set_66_234/p5.3.x.txt,50.0,1.148494839668274,"[[(19, 24), (21, 25), (21, 27), (18, 25), (18, 24)], [(19, 24), (18, 26), (17, 28), (16, 28), (18, 24)]]",31,465
Instances/Set_64_234/p6.2.l.txt,165.0,3.4413241147994995,"[[(0, 1), (1, 2), (3, 4), (3, 6), (2, 7), (0, 7)], [(0, 1), (2, 1), (3, 2), (2, 3), (1, 4), (0, 5), (0, 7)]]",32,496
Instances/Set_33_234/p3.4.c.txt,120.0,2.743538737297058,"[[(0, 1), (1, 0), (1, 2), (2, 3), (1, 4), (0, 5), (0, 7)], [(0, 1), (2, 1), (3, 2), (3, 4), (1, 6), (0, 7)]]",32,496
Instances/Set_64_234/p6.2.h.txt,165.0,3.420197010040283,"[[(35, 35), (37, 31), (35, 35)], [(35, 35), (35, 40), (35, 35)]]",101,5050
Instances/Set_66_234/p5.4.y.txt,50.0,1.1200147867202759,"[[(35, 35), (37, 31), (35, 35)], [(35, 35), (35, 40), (35, 35)]]",101,5050
Instances/Set_66_234/p5.4.p.txt,50.0,1.1442540884017944,"[[(0, 0), (3, 3), (0, 0)], [(0, 0), (1, 3), (3, 1), (1, 1), (0, 0)]]",17,136
Instances/Set_64_234/p6.3.h.txt,162.0,3.2553508281707764,"[[(0, 0), (3, 1), (1, 1), (0, 0)], [(0, 0), (3, 3), (1, 3), (0, 0)]]",17,136
Instances/Set_64_234/p6.3.d.txt,165.0,3.556386947631836,"[[(4, 7), (3, 9), (4, 8), (5, 8), (6, 7), (6, 5), (5, 5)], [(4, 7), (8, 9), (7, 8), (5, 6), (5, 5)]]",21,210
Instances/Set_66_234/p5.4.g.txt,50.0,1.1134729385375977,"[[(4, 7), (5, 8), (7, 8), (8, 9), (5, 5)], [(4, 7), (4, 8), (3, 9), (6, 7), (5, 6), (6, 5), (5, 5)]]",21,210
Instances/Set_32_234/p1.2.j.txt,30.0,2.48589289188385,"[[(35, 35), (37, 31), (35, 35)], [(35, 35), (35, 40), (35, 35)]]",101,5050
Instances/Set_66_234/p5.2.r.txt,50.0,1.1283479928970337,"[[(35, 35), (37, 31), (35, 35)], [(35, 35), (35, 40), (35, 35)]]",101,5050
Instances/Set_33_234/p3.3.n.txt,120.0,2.7557029724121094,"[[(0, 0), (1, 3), (0, 0)], [(0, 0), (1, 1), (3, 1), (3, 3), (0, 0)]]",17,136
Instances/Set_66_234/p5.2.b.txt,50.0,1.102847695350647,"[[(0, 0), (1, 3), (0, 0)], [(0, 0), (1, 1), (3, 1), (3, 3), (0, 0)]]",17,136
Instances/Set_33_234/p3.4.a.txt,120.0,2.6933988332748413,"[[(19, 24), (21, 25), (21, 27), (18, 26), (18, 25), (18, 24)], [(19, 24), (17, 28), (16, 28), (18, 24)]]",31,465
Instances/Set_21_234/p2.4.e.txt,125.0,1.7965610027313232,"[[(19, 24), (21, 27), (21, 25), (18, 25), (18, 24)], [(19, 24), (18, 26), (17, 28), (16, 28), (18, 24)]]",31,465
Instances/Set_33_234/p3.2.l.txt,120.0,2.682201385498047,"[[(19, 24), (21, 25), (21, 27), (18, 25), (18, 24)], [(19, 24), (18, 26), (17, 28), (16, 28), (18, 24)]]",31,465
Instances/Set_33_234/p3.4.j.txt,120.0,2.7092292308807373,"[[(19, 24), (21, 25), (21, 27), (18, 26), (18, 25), (18, 24)], [(19, 24), (17, 28), (16, 28), (18, 24)]]",31,465
Instances/Set_33_234/p3.2.f.txt,120.0,2.6741857528686523,"[[(0, 0), (3, 3), (0, 0)], [(0, 0), (3, 1), (1, 3), (1, 1), (0, 0)]]",17,136
Instances/Set_64_234/p6.4.k.txt,165.0,3.4070770740509033,"[[(0, 0), (3, 3), (0, 0)], [(0, 0), (1, 3), (3, 1), (1, 1), (0, 0)]]",17,136
Instances/Set_66_234/p5.3.w.txt,50.0,1.113988995552063,"[[(10, 14), (8, 13), (11, 12), (11, 14)], [(10, 14), (8, 17), (11, 17), (11, 14)]]",32,496
Instances/Set_66_234/p5.4.x.txt,50.0,1.1216304302215576,"[[(10, 14), (8, 13), (11, 12), (11, 14)], [(10, 14), (8, 17), (10, 18), (11, 14)]]",32,496
Instances/Set_66_234/p5.3.f.txt,50.0,1.1211037635803223,"[[(19, 24), (21, 27), (21, 25), (18, 25), (18, 24)], [(19, 24), (18, 26), (17, 28), (16, 28), (18, 24)]]",31,465
Instances/Set_32_234/p1.4.q.txt,30.0,2.571394681930542,"[[(19, 24), (21, 25), (21, 27), (18, 26), (18, 25), (18, 24)], [(19, 24), (17, 28), (16, 28), (18, 24)]]",31,465
Instances/Set_66_234/p5.3.d.txt,50.0,1.1303316354751587,"[[(4, 7), (5, 8), (8, 9), (7, 8), (5, 5)], [(4, 7), (4, 8), (3, 9), (6, 7), (5, 6), (6, 5), (5, 5)]]",21,210
Instances/Set_102_234/p7.3.m.txt,30.0,21.05552899837494,"[[(4, 7), (5, 8), (3, 9), (4, 8), (5, 6), (6, 5), (5, 5)], [(4, 7), (6, 7), (7, 8), (8, 9), (5, 5)]]",21,210
Instances/Set_32_234/p1.4.n.txt,30.0,2.509227752685547,"[[(0, 1), (2, 3), (3, 4), (3, 6), (2, 7), (0, 7)], [(0, 1), (1, 0), (2, 1), (1, 2), (1, 6), (0, 7)]]",32,496
Instances/Set_66_234/p5.4.m.txt,50.0,1.1301223039627075,"[[(0, 1), (1, 2), (1, 4), (2, 5), (3, 6), (2, 7), (0, 7)], [(0, 1), (2, 1), (3, 2), (2, 3), (0, 5), (0, 7)]]",32,496
Instances/Set_33_234/p3.2.r.txt,120.0,2.7327632904052734,"[[(19, 24), (21, 25), (21, 27), (18, 26), (18, 25), (18, 24)], [(19, 24), (17, 28), (16, 28), (18, 24)]]",31,465
Instances/Set_32_234/p1.4.o.txt,30.0,2.486657500267029,"[[(19, 24), (21, 25), (21, 27), (18, 26), (18, 25), (18, 24)], [(19, 24), (17, 28), (16, 28), (18, 24)]]",31,465
Instances/Set_32_234/p1.2.r.txt,30.0,2.5178825855255127,"[[(19, 24), (21, 27), (21, 25), (18, 25), (18, 24)], [(19, 24), (18, 26), (17, 28), (16, 28), (18, 24)]]",31,465
Instances/Set_66_234/p5.2.n.txt,50.0,1.1316221952438354,"[[(19, 24), (21, 25), (21, 27), (18, 26), (18, 25), (18, 24)], [(19, 24), (17, 28), (16, 28), (18, 24)]]",31,465
Instances/Set_32_234/p1.4.g.txt,30.0,2.4948136806488037,"[[(0, 0), (3, 3), (0, 0)], [(0, 0), (3, 1), (1, 3), (1, 1), (0, 0)]]",17,136
Instances/Set_33_234/p3.4.b.txt,120.0,2.6852437257766724,"[[(0, 0), (3, 3), (0, 0)], [(0, 0), (1, 3), (3, 1), (1, 1), (0, 0)]]",17,136
Instances/Set_21_234/p2.4.g.txt,125.0,1.818233609199524,"[[(0, 0), (3, 1), (0, 0)], [(0, 0), (1, 1), (3, 3), (1, 3), (0, 0)]]",17,136
Instances/Set_64_234/p6.2.n.txt,168.0,3.4289770126342773,"[[(0, 0), (1, 3), (0, 0)], [(0, 0), (3, 3), (3, 1), (1, 1), (0, 0)]]",17,136
Instances/Set_102_234/p7.3.a.txt,30.0,21.11982274055481,"[[(10, 14), (8, 13), (11, 12), (11, 14)], [(10, 14), (8, 17), (11, 17), (11, 14)]]",32,496
Instances/Set_32_234/p1.2.p.txt,30.0,2.5397709608078003,"[[(10, 14), (8, 13), (11, 12), (11, 14)], [(10, 14), (8, 17), (11, 17), (11, 14)]]",32,496
Instances/Set_102_234/p7.2.b.txt,30.0,21.182804465293884,"[[(19, 24), (21, 25), (21, 27), (18, 26), (18, 25), (18, 24)], [(19, 24), (17, 28), (16, 28), (18, 24)]]",31,465
Instances/Set_66_234/p5.2.q.txt,50.0,1.1213430166244507,"[[(19, 24), (21, 27), (21, 25), (18, 25), (18, 24)], [(19, 24), (18, 26), (17, 28), (16, 28), (18, 24)]]",31,465
Instances/Set_33_234/p3.3.a.txt,120.0,2.7624112367630005,"[[(19, 24), (21, 25), (21, 27), (18, 26), (18, 25), (18, 24)], [(19, 24), (17, 28), (16, 28), (18, 24)]]",31,465
Instances/Set_66_234/p5.3.h.txt,50.0,1.1442158222198486,"[[(19, 24), (21, 25), (21, 27), (18, 26), (18, 25), (18, 24)], [(19, 24), (17, 28), (16, 28), (18, 24)]]",31,465
Instances/Set_33_234/p3.3.e.txt,120.0,2.672271251678467,"[[(35, 35), (37, 31), (35, 35)], [(35, 35), (35, 40), (35, 35)]]",101,5050
Instances/Set_66_234/p5.2.j.txt,50.0,1.1390715837478638,"[[(35, 35), (37, 31), (35, 35)], [(35, 35), (35, 40), (35, 35)]]",101,5050
Instances/Set_102_234/p7.4.t.txt,30.0,21.148270964622498,"[[(19, 24), (21, 25), (21, 27), (18, 25), (18, 24)], [(19, 24), (18, 26), (17, 28), (16, 28), (18, 24)]]",31,465
Instances/Set_33_234/p3.4.h.txt,120.0,2.7405362129211426,"[[(19, 24), (21, 27), (21, 25), (18, 25), (18, 24)], [(19, 24), (18, 26), (17, 28), (16, 28), (18, 24)]]",31,465
Instances/Set_21_234/p2.3.a.txt,125.0,1.7325769662857056,"[[(35, 35), (37, 31), (35, 35)], [(35, 35), (35, 40), (35, 35)]]",101,5050
Instances/Set_64_234/p6.4.b.txt,168.0,3.505395770072937,"[[(35, 35), (37, 31), (35, 35)], [(35, 35), (35, 40), (35, 35)]]",101,5050
Instances/Set_32_234/p1.2.i.txt,30.0,2.511980414390564,"[[(19, 24), (21, 25), (21, 27), (18, 26), (18, 25), (18, 24)], [(19, 24), (17, 28), (16, 28), (18, 24)]]",31,465
Instances/Set_102_234/p7.2.g.txt,30.0,21.154435396194458,"[[(19, 24), (21, 25), (21, 27), (18, 25), (18, 24)], [(19, 24), (18, 26), (17, 28), (16, 28), (18, 24)]]",31,465
Instances/Set_32_234/p1.2.c.txt,30.0,2.5279381275177,"[[(0, 0), (1, 3), (0, 0)], [(0, 0), (3, 3), (3, 1), (1, 1), (0, 0)]]",17,136
Instances/Set_66_234/p5.2.f.txt,50.0,1.1389474868774414,"[[(0, 0), (3, 3), (0, 0)], [(0, 0), (1, 3), (3, 1), (1, 1), (0, 0)]]",17,136
Instances/Set_32_234/p1.2.g.txt,30.0,2.5145572423934937,"[[(19, 24), (21, 25), (21, 27), (18, 26), (18, 25), (18, 24)], [(19, 24), (17, 28), (16, 28), (18, 24)]]",31,465
Instances/Set_21_234/p2.3.f.txt,125.0,1.7143430709838867,"[[(19, 24), (21, 25), (21, 27), (18, 25), (18, 24)], [(19, 24), (18, 26), (17, 28), (16, 28), (18, 24)]]",31,465
Instances/Set_66_234/p5.3.e.txt,50.0,1.1401785612106323,"[[(10, 14), (8, 13), (11, 12), (11, 14)], [(10, 14), (8, 17), (10, 18), (11, 14)]]",32,496
Instances/Set_21_234/p2.4.a.txt,125.0,1.709098219871521,"[[(10, 14), (8, 13), (11, 12), (11, 14)], [(10, 14), (8, 17), (11, 17), (11, 14)]]",32,496
Instances/Set_33_234/p3.3.t.txt,120.0,2.668103814125061,"[[(0, 0), (3, 1), (1, 1), (0, 0)], [(0, 0), (3, 3), (1, 3), (0, 0)]]",17,136
Instances/Set_21_234/p2.3.e.txt,125.0,1.7280540466308594,"[[(0, 0), (1, 3), (0, 0)], [(0, 0), (3, 3), (3, 1), (1, 1), (0, 0)]]",17,136
Instances/Set_102_234/p7.2.h.txt,30.0,21.22992432117462,"[[(10, 14), (11, 12), (8, 13), (11, 14)], [(10, 14), (8, 17), (11, 17), (11, 14)]]",32,496
Instances/Set_66_234/p5.2.a.txt,50.0,1.1259474754333496,"[[(10, 14), (8, 13), (11, 12), (11, 14)], [(10, 14), (8, 17), (10, 18), (11, 14)]]",32,496
Instances/Set_21_234/p2.4.d.txt,125.0,1.7272131443023682,"[[(0, 1), (1, 2), (3, 4), (3, 6), (2, 7), (0, 7)], [(0, 1), (1, 0), (2, 1), (2, 3), (2, 5), (0, 7)]]",32,496
Instances/Set_21_234/p2.3.k.txt,125.0,1.7279304265975952,"[[(0, 1), (1, 2), (3, 4), (3, 6), (2, 7), (0, 7)], [(0, 1), (1, 0), (2, 1), (2, 3), (2, 5), (1, 6), (0, 7)]]",32,496
Instances/Set_102_234/p7.4.s.txt,30.0,21.261528372764587,"[[(19, 24), (21, 27), (21, 25), (18, 25), (18, 24)], [(19, 24), (18, 26), (17, 28), (16, 28), (18, 24)]]",31,465
Instances/Set_32_234/p1.2.n.txt,30.0,2.5186893939971924,"[[(19, 24), (21, 25), (21, 27), (18, 25), (18, 24)], [(19, 24), (18, 26), (17, 28), (16, 28), (18, 24)]]",31,465
Instances/Set_66_234/p5.3.t.txt,50.0,1.1501307487487793,"[[(4, 7), (3, 9), (4, 8), (5, 8), (5, 6), (6, 5), (5, 5)], [(4, 7), (6, 7), (7, 8), (8, 9), (5, 5)]]",21,210
Instances/Set_32_234/p1.2.q.txt,30.0,2.503702402114868,"[[(4, 7), (7, 8), (8, 9), (5, 5)], [(4, 7), (3, 9), (4, 8), (5, 8), (6, 7), (5, 6), (6, 5), (5, 5)]]",21,210
Instances/Set_32_234/p1.3.g.txt,30.0,2.461726665496826,"[[(19, 24), (21, 25), (21, 27), (18, 26), (18, 25), (18, 24)], [(19, 24), (17, 28), (16, 28), (18, 24)]]",31,465
Instances/Set_66_234/p5.2.z.txt,50.0,1.108072280883789,"[[(19, 24), (21, 27), (21, 25), (18, 25), (18, 24)], [(19, 24), (18, 26), (17, 28), (16, 28), (18, 24)]]",31,465
Instances/Set_33_234/p3.3.g.txt,120.0,2.732936382293701,"[[(0, 0), (1, 3), (0, 0)], [(0, 0), (1, 1), (3, 3), (3, 1), (0, 0)]]",17,136
Instances/Set_66_234/p5.2.d.txt,50.0,1.2268116474151611,"[[(0, 0), (1, 3), (0, 0)], [(0, 0), (3, 1), (3, 3), (1, 1), (0, 0)]]",17,136
Instances/Set_102_234/p7.4.g.txt,30.0,21.229817986488342,"[[(0, 0), (3, 1), (0, 0)], [(0, 0), (1, 3), (3, 3), (1, 1), (0, 0)]]",17,136
Instances/Set_32_234/p1.2.f.txt,30.0,2.5131255388259888,"[[(0, 0), (1, 3), (0, 0)], [(0, 0), (3, 1), (3, 3), (1, 1), (0, 0)]]",17,136
Instances/Set_32_234/p1.2.l.txt,30.0,2.504606246948242,"[[(0, 0), (3, 1), (1, 1), (0, 0)], [(0, 0), (3, 3), (1, 3), (0, 0)]]",17,136
Instances/Set_102_234/p7.2.f.txt,30.0,21.234726905822754,"[[(0, 0), (1, 3), (0, 0)], [(0, 0), (3, 3), (3, 1), (1, 1), (0, 0)]]",17,136
Instances/Set_33_234/p3.4.o.txt,120.0,2.728580117225647,"[[(10, 14), (8, 13), (11, 12), (11, 14)], [(10, 14), (8, 17), (10, 18), (11, 14)]]",32,496
Instances/Set_66_234/p5.3.n.txt,50.0,1.148110032081604,"[[(10, 14), (8, 13), (11, 12), (11, 14)], [(10, 14), (8, 17), (11, 17), (11, 14)]]",32,496
Instances/Set_32_234/p1.2.m.txt,30.0,2.4729866981506348,"[[(4, 7), (6, 7), (8, 9), (7, 8), (5, 5)], [(4, 7), (5, 8), (4, 8), (3, 9), (5, 6), (6, 5), (5, 5)]]",21,210
Instances/Set_102_234/p7.2.j.txt,30.0,21.150930166244507,"[[(4, 7), (8, 9), (7, 8), (6, 7), (5, 6), (5, 5)], [(4, 7), (5, 8), (4, 8), (3, 9), (6, 5), (5, 5)]]",21,210
Instances/Set_32_234/p1.3.f.txt,30.0,2.507881283760071,"[[(10, 14), (8, 13), (11, 12), (11, 14)], [(10, 14), (8, 17), (10, 18), (11, 14)]]",32,496
Instances/Set_21_234/p2.4.h.txt,125.0,1.6521776914596558,"[[(10, 14), (8, 13), (11, 12), (11, 14)], [(10, 14), (8, 17), (11, 17), (11, 14)]]",32,496
Instances/Set_64_234/p6.3.e.txt,165.0,3.3170816898345947,"[[(4, 7), (7, 8), (8, 9), (5, 5)], [(4, 7), (4, 8), (3, 9), (5, 8), (6, 7), (5, 6), (6, 5), (5, 5)]]",21,210
Instances/Set_66_234/p5.4.i.txt,50.0,1.1111023426055908,"[[(4, 7), (7, 8), (8, 9), (6, 7), (5, 6), (5, 5)], [(4, 7), (5, 8), (4, 8), (3, 9), (6, 5), (5, 5)]]",21,210
Instances/Set_64_234/p6.4.d.txt,162.0,3.4843838214874268,"[[(10, 14), (8, 13), (11, 12), (11, 14)], [(10, 14), (8, 17), (11, 17), (11, 14)]]",32,496
Instances/Set_66_234/p5.2.s.txt,50.0,1.1316176652908325,"[[(10, 14), (8, 13), (11, 12), (11, 14)], [(10, 14), (8, 17), (10, 18), (11, 14)]]",32,496
Instances/Set_21_234/p2.2.h.txt,125.0,1.6822075843811035,"[[(0, 0), (3, 3), (0, 0)], [(0, 0), (1, 3), (3, 1), (1, 1), (0, 0)]]",17,136
Instances/Set_102_234/p7.3.j.txt,30.0,21.243807911872864,"[[(0, 0), (3, 1), (0, 0)], [(0, 0), (1, 3), (3, 3), (1, 1), (0, 0)]]",17,136
Instances/Set_66_234/p5.4.b.txt,50.0,1.1370433568954468,"[[(0, 0), (3, 1), (0, 0)], [(0, 0), (1, 1), (3, 3), (1, 3), (0, 0)]]",17,136
Instances/Set_32_234/p1.3.a.txt,30.0,2.4549720287323,"[[(0, 0), (3, 1), (0, 0)], [(0, 0), (1, 1), (1, 3), (3, 3), (0, 0)]]",17,136
Instances/Set_32_234/p1.3.k.txt,30.0,2.5614646673202515,"[[(0, 0), (3, 3), (0, 0)], [(0, 0), (1, 3), (3, 1), (1, 1), (0, 0)]]",17,136
Instances/Set_21_234/p2.4.c.txt,125.0,1.7262861728668213,"[[(0, 0), (3, 1), (0, 0)], [(0, 0), (3, 3), (1, 3), (1, 1), (0, 0)]]",17,136
Instances/Set_102_234/p7.3.h.txt,30.0,21.206904649734497,"[[(10, 14), (8, 13), (11, 12), (11, 14)], [(10, 14), (8, 17), (10, 18), (11, 14)]]",32,496
Instances/Set_33_234/p3.3.f.txt,120.0,2.755696415901184,"[[(10, 14), (8, 13), (11, 12), (11, 14)], [(10, 14), (8, 17), (11, 17), (11, 14)]]",32,496
Instances/Set_21_234/p2.4.k.txt,125.0,1.6797633171081543,"[[(19, 24), (21, 25), (21, 27), (18, 26), (18, 25), (18, 24)], [(19, 24), (17, 28), (16, 28), (18, 24)]]",31,465
Instances/Set_21_234/p2.4.i.txt,125.0,1.7208325862884521,"[[(19, 24), (21, 25), (21, 27), (18, 26), (18, 25), (18, 24)], [(19, 24), (17, 28), (16, 28), (18, 24)]]",31,465
Instances/Set_66_234/p5.3.p.txt,50.0,1.1210994720458984,"[[(0, 0), (3, 1), (0, 0)], [(0, 0), (1, 1), (3, 3), (1, 3), (0, 0)]]",17,136
Instances/Set_21_234/p2.2.c.txt,125.0,1.7165898084640503,"[[(0, 0), (3, 1), (1, 1), (0, 0)], [(0, 0), (3, 3), (1, 3), (0, 0)]]",17,136
Instances/Set_32_234/p1.2.b.txt,30.0,2.51667582988739,"[[(35, 35), (37, 31), (35, 35)], [(35, 35), (35, 40), (35, 35)]]",101,5050
Instances/Set_102_234/p7.3.q.txt,30.0,21.225600600242615,"[[(35, 35), (37, 31), (35, 35)], [(35, 35), (35, 40), (35, 35)]]",101,5050
Instances/Set_21_234/p2.2.a.txt,125.0,1.8421006202697754,"[[(19, 24), (21, 27), (21, 25), (18, 25), (18, 24)], [(19, 24), (18, 26), (17, 28), (16, 28), (18, 24)]]",31,465
Instances/Set_66_234/p5.2.v.txt,50.0,1.1385691165924072,"[[(19, 24), (21, 25), (21, 27), (18, 26), (18, 25), (18, 24)], [(19, 24), (17, 28), (16, 28), (18, 24)]]",31,465
Instances/Set_102_234/p7.2.k.txt,30.0,21.21251368522644,"[[(0, 0), (3, 3), (0, 0)], [(0, 0), (1, 3), (3, 1), (1, 1), (0, 0)]]",17,136
Instances/Set_102_234/p7.4.k.txt,30.0,21.32225477695465,"[[(0, 0), (3, 3), (0, 0)], [(0, 0), (1, 1), (1, 3), (3, 1), (0, 0)]]",17,136
Instances/Set_32_234/p1.4.f.txt,30.0,2.4933276176452637,"[[(35, 35), (37, 31), (35, 35)], [(35, 35), (35, 40), (35, 35)]]",101,5050
Instances/Set_64_234/p6.2.j.txt,165.0,3.5159695148468018,"[[(35, 35), (37, 31), (35, 35)], [(35, 35), (35, 40), (35, 35)]]",101,5050
Instances/Set_33_234/p3.2.e.txt,120.0,2.7431939840316772,"[[(0, 0), (3, 3), (1, 1), (0, 0)], [(0, 0), (3, 1), (1, 3), (0, 0)]]",17,136
Instances/Set_102_234/p7.3.c.txt,30.0,21.06197762489319,"[[(0, 0), (3, 3), (0, 0)], [(0, 0), (1, 3), (3, 1), (1, 1), (0, 0)]]",17,136
Instances/Set_66_234/p5.2.x.txt,50.0,1.145472526550293,"[[(0, 0), (3, 1), (0, 0)], [(0, 0), (1, 1), (3, 3), (1, 3), (0, 0)]]",17,136
Instances/Set_32_234/p1.4.e.txt,30.0,2.536194324493408,"[[(0, 0), (3, 3), (0, 0)], [(0, 0), (3, 1), (1, 3), (1, 1), (0, 0)]]",17,136
Instances/Set_66_234/p5.4.n.txt,50.0,1.123328447341919,"[[(35, 35), (37, 31), (35, 35)], [(35, 35), (35, 40), (35, 35)]]",101,5050
Instances/Set_102_234/p7.2.o.txt,30.0,21.14091145992279,"[[(35, 35), (37, 31), (35, 35)], [(35, 35), (35, 40), (35, 35)]]",101,5050
Instances/Set_66_234/p5.2.m.txt,50.0,1.1689610481262207,"[[(10, 14), (8, 13), (11, 12), (11, 14)], [(10, 14), (8, 17), (10, 18), (11, 14)]]",32,496
Instances/Set_66_234/p5.3.m.txt,50.0,1.1170967817306519,"[[(10, 14), (11, 12), (8, 13), (11, 14)], [(10, 14), (8, 17), (10, 18), (11, 14)]]",32,496
Instances/Set_66_234/p5.2.c.txt,50.0,1.1426018476486206,"[[(35, 35), (37, 31), (35, 35)], [(35, 35), (35, 40), (35, 35)]]",101,5050
Instances/Set_33_234/p3.3.r.txt,120.0,2.6579748392105103,"[[(35, 35), (37, 31), (35, 35)], [(35, 35), (35, 40), (35, 35)]]",101,5050
Instances/Set_33_234/p3.4.n.txt,120.0,2.739313006401062,"[[(0, 0), (3, 1), (1, 1), (0, 0)], [(0, 0), (3, 3), (1, 3), (0, 0)]]",17,136
Instances/Set_33_234/p3.2.b.txt,120.0,2.777676224708557,"[[(0, 0), (1, 3), (0, 0)], [(0, 0), (1, 1), (3, 3), (3, 1), (0, 0)]]",17,136
Instances/Set_32_234/p1.4.i.txt,30.0,2.497397780418396,"[[(0, 1), (1, 0), (2, 1), (2, 3), (1, 4), (1, 6), (0, 7)], [(0, 1), (1, 2), (3, 4), (3, 6), (2, 7), (0, 7)]]",32,496
Instances/Set_102_234/p7.2.m.txt,30.0,21.50110948085785,"[[(0, 1), (1, 0), (2, 1), (1, 2), (0, 7)], [(0, 1), (2, 3), (3, 4), (3, 6), (2, 7), (0, 7)]]",32,496
Instances/Set_64_234/p6.2.m.txt,165.0,3.310922384262085,"[[(4, 7), (4, 8), (3, 9), (5, 8), (5, 6), (6, 5), (5, 5)], [(4, 7), (6, 7), (7, 8), (8, 9), (5, 5)]]",21,210
Instances/Set_102_234/p7.4.l.txt,30.0,21.202858448028564,"[[(4, 7), (3, 9), (4, 8), (6, 7), (6, 5), (5, 5)], [(4, 7), (5, 8), (8, 9), (7, 8), (5, 6), (5, 5)]]",21,210
Instances/Set_32_234/p1.3.m.txt,30.0,2.495788097381592,"[[(0, 0), (3, 3), (0, 0)], [(0, 0), (1, 3), (3, 1), (1, 1), (0, 0)]]",17,136
Instances/Set_64_234/p6.2.f.txt,159.0,3.3945170640945435,"[[(0, 0), (3, 3), (1, 1), (0, 0)], [(0, 0), (3, 1), (1, 3), (0, 0)]]",17,136
Instances/Set_64_234/p6.2.e.txt,168.0,3.4669262170791626,"[[(19, 24), (21, 25), (21, 27), (18, 26), (18, 25), (18, 24)], [(19, 24), (17, 28), (16, 28), (18, 24)]]",31,465
Instances/Set_66_234/p5.2.e.txt,50.0,1.097220778465271,"[[(19, 24), (21, 25), (21, 27), (18, 26), (18, 25), (18, 24)], [(19, 24), (17, 28), (16, 28), (18, 24)]]",31,465
Instances/Set_66_234/p5.4.q.txt,50.0,1.1386961936950684,"[[(19, 24), (21, 25), (21, 27), (18, 26), (18, 25), (18, 24)], [(19, 24), (17, 28), (16, 28), (18, 24)]]",31,465
Instances/Set_64_234/p6.3.m.txt,168.0,3.4931838512420654,"[[(19, 24), (21, 25), (21, 27), (18, 25), (18, 24)], [(19, 24), (18, 26), (17, 28), (16, 28), (18, 24)]]",31,465
Instances/Set_33_234/p3.3.o.txt,120.0,2.767194151878357,"[[(19, 24), (21, 25), (21, 27), (18, 25), (18, 24)], [(19, 24), (18, 26), (17, 28), (16, 28), (18, 24)]]",31,465
Instances/Set_21_234/p2.2.f.txt,125.0,1.7674227952957153,"[[(19, 24), (21, 25), (21, 27), (18, 26), (18, 25), (18, 24)], [(19, 24), (17, 28), (16, 28), (18, 24)]]",31,465
Instances/Set_102_234/p7.4.b.txt,30.0,21.11708927154541,"[[(35, 35), (37, 31), (35, 35)], [(35, 35), (35, 40), (35, 35)]]",101,5050
Instances/Set_33_234/p3.3.l.txt,120.0,2.7411630153656006,"[[(35, 35), (37, 31), (35, 35)], [(35, 35), (35, 40), (35, 35)]]",101,5050
Instances/Set_33_234/p3.4.p.txt,120.0,2.695103168487549,"[[(35, 35), (37, 31), (35, 35)], [(35, 35), (35, 40), (35, 35)]]",101,5050
Instances/Set_102_234/p7.2.p.txt,30.0,21.201611638069153,"[[(35, 35), (37, 31), (35, 35)], [(35, 35), (35, 40), (35, 35)]]",101,5050
Instances/Set_64_234/p6.3.n.txt,168.0,3.436759114265442,"[[(19, 24), (21, 25), (21, 27), (18, 26), (18, 25), (18, 24)], [(19, 24), (17, 28), (16, 28), (18, 24)]]",31,465
Instances/Set_66_234/p5.2.y.txt,50.0,1.135347843170166,"[[(19, 24), (21, 25), (21, 27), (18, 26), (18, 25), (18, 24)], [(19, 24), (17, 28), (16, 28), (18, 24)]]",31,465
Instances/Set_64_234/p6.4.h.txt,165.0,3.3095232248306274,"[[(0, 0), (1, 3), (0, 0)], [(0, 0), (1, 1), (3, 1), (3, 3), (0, 0)]]",17,136
Instances/Set_64_234/p6.2.g.txt,165.0,3.3451433181762695,"[[(0, 0), (3, 1), (0, 0)], [(0, 0), (3, 3), (1, 3), (1, 1), (0, 0)]]",17,136
Instances/Set_32_234/p1.3.d.txt,30.0,2.444132447242737,"[[(0, 0), (3, 3), (0, 0)], [(0, 0), (3, 1), (1, 3), (1, 1), (0, 0)]]",17,136
Instances/Set_102_234/p7.3.f.txt,30.0,21.07188880443573,"[[(0, 0), (3, 3), (0, 0)], [(0, 0), (1, 3), (3, 1), (1, 1), (0, 0)]]",17,136
Instances/Set_64_234/p6.4.i.txt,162.0,3.473071336746216,"[[(0, 0), (1, 3), (1, 1), (0, 0)], [(0, 0), (3, 3), (3, 1), (0, 0)]]",17,136
Instances/Set_66_234/p5.4.z.txt,50.0,1.1012933254241943,"[[(0, 0), (1, 3), (0, 0)], [(0, 0), (3, 1), (3, 3), (1, 1), (0, 0)]]",17,136
Instances/Set_102_234/p7.3.r.txt,30.0,21.06541621685028,"[[(0, 0), (3, 3), (1, 1), (0, 0)], [(0, 0), (1, 3), (3, 1), (0, 0)]]",17,136
Instances/Set_32_234/p1.3.j.txt,30.0,2.513988971710205,"[[(0, 0), (3, 3), (1, 1), (0, 0)], [(0, 0), (3, 1), (1, 3), (0, 0)]]",17,136
Instances/Set_102_234/p7.4.m.txt,30.0,20.973122596740723,"[[(10, 14), (8, 13), (11, 12), (11, 14)], [(10, 14), (8, 17), (10, 18), (11, 14)]]",32,496
Instances/Set_33_234/p3.3.m.txt,120.0,2.7233874797821045,"[[(10, 14), (8, 13), (11, 12), (11, 14)], [(10, 14), (8, 17), (10, 18), (11, 14)]]",32,496
Instances/Set_33_234/p3.4.k.txt,120.0,2.730711340904236,"[[(0, 1), (1, 0), (2, 1), (1, 2), (1, 4), (0, 7)], [(0, 1), (2, 3), (3, 4), (3, 6), (2, 7), (0, 7)]]",32,496
Instances/Set_32_234/p1.4.k.txt,30.0,2.5031728744506836,"[[(0, 1), (1, 2), (3, 4), (3, 6), (2, 7), (0, 7)], [(0, 1), (2, 1), (3, 2), (2, 3), (2, 5), (1, 6), (0, 7)]]",32,496
Instances/Set_66_234/p5.4.d.txt,50.0,1.1291682720184326,"[[(0, 0), (3, 1), (1, 1), (0, 0)], [(0, 0), (3, 3), (1, 3), (0, 0)]]",17,136
Instances/Set_66_234/p5.3.y.txt,50.0,1.1521915197372437,"[[(0, 0), (3, 3), (0, 0)], [(0, 0), (1, 1), (1, 3), (3, 1), (0, 0)]]",17,136
Instances/Set_66_234/p5.4.j.txt,50.0,1.1142151355743408,"[[(0, 1), (1, 0), (2, 1), (1, 2), (0, 5), (0, 7)], [(0, 1), (0, 3), (1, 4), (2, 5), (3, 6), (2, 7), (0, 7)]]",32,496
Instances/Set_66_234/p5.4.e.txt,50.0,1.105004072189331,"[[(0, 1), (1, 2), (2, 3), (3, 6), (2, 7), (0, 7)], [(0, 1), (2, 1), (3, 2), (3, 4), (2, 5), (1, 6), (0, 7)]]",32,496
Instances/Set_102_234/p7.2.i.txt,30.0,21.310778498649597,"[[(4, 7), (5, 8), (3, 9), (4, 8), (5, 6), (6, 5), (5, 5)], [(4, 7), (6, 7), (8, 9), (7, 8), (5, 5)]]",21,210
Instances/Set_66_234/p5.3.i.txt,50.0,1.1187001466751099,"[[(4, 7), (3, 9), (4, 8), (6, 7), (6, 5), (5, 5)], [(4, 7), (5, 8), (8, 9), (7, 8), (5, 6), (5, 5)]]",21,210
Instances/Set_21_234/p2.2.b.txt,125.0,1.7318620681762695,"[[(0, 1), (2, 3), (3, 4), (3, 6), (2, 7), (0, 7)], [(0, 1), (1, 0), (2, 1), (1, 2), (1, 4), (0, 5), (0, 7)]]",32,496
Instances/Set_21_234/p2.4.j.txt,125.0,1.7675358057022095,"[[(0, 1), (1, 2), (3, 4), (3, 6), (2, 7), (0, 7)], [(0, 1), (1, 0), (2, 1), (2, 3), (1, 4), (1, 6), (0, 7)]]",32,496
Instances/Set_102_234/p7.4.n.txt,30.0,21.19486916065216,"[[(0, 0), (1, 3), (0, 0)], [(0, 0), (3, 3), (3, 1), (1, 1), (0, 0)]]",17,136
Instances/Set_33_234/p3.4.d.txt,120.0,2.7605406045913696,"[[(0, 0), (3, 3), (0, 0)], [(0, 0), (3, 1), (1, 3), (1, 1), (0, 0)]]",17,136
Instances/Set_33_234/p3.2.o.txt,120.0,2.702741861343384,"[[(4, 7), (3, 9), (4, 8), (5, 8), (6, 5), (5, 5)], [(4, 7), (8, 9), (7, 8), (6, 7), (5, 6), (5, 5)]]",21,210
Instances/Set_33_234/p3.4.q.txt,120.0,2.663382411003113,"[[(4, 7), (7, 8), (8, 9), (5, 5)], [(4, 7), (3, 9), (4, 8), (5, 8), (6, 7), (5, 6), (6, 5), (5, 5)]]",21,210
Instances/Set_33_234/p3.2.c.txt,120.0,2.7231199741363525,"[[(0, 0), (3, 1), (0, 0)], [(0, 0), (1, 3), (3, 3), (1, 1), (0, 0)]]",17,136
Instances/Set_64_234/p6.3.g.txt,168.0,3.4151967763900757,"[[(0, 0), (1, 3), (0, 0)], [(0, 0), (3, 1), (3, 3), (1, 1), (0, 0)]]",17,136
Instances/Set_32_234/p1.3.p.txt,30.0,2.5399855375289917,"[[(0, 1), (1, 0), (2, 1), (1, 2), (0, 3), (0, 5), (0, 7)], [(0, 1), (2, 3), (3, 4), (3, 6), (2, 7), (0, 7)]]",32,496
Instances/Set_32_234/p1.2.e.txt,30.0,2.5333869457244873,"[[(0, 1), (1, 2), (1, 4), (2, 5), (3, 6), (2, 7), (0, 7)], [(0, 1), (1, 0), (2, 1), (2, 3), (0, 5), (0, 7)]]",32,496
Instances/Set_33_234/p3.3.q.txt,120.0,2.7380319833755493,"[[(19, 24), (21, 25), (21, 27), (18, 26), (18, 25), (18, 24)], [(19, 24), (17, 28), (16, 28), (18, 24)]]",31,465
Instances/Set_102_234/p7.2.q.txt,30.0,21.175973176956177,"[[(19, 24), (21, 25), (21, 27), (18, 26), (18, 25), (18, 24)], [(19, 24), (17, 28), (16, 28), (18, 24)]]",31,465
Instances/Set_66_234/p5.3.z.txt,50.0,1.1313529014587402,"[[(0, 1), (1, 2), (2, 3), (3, 6), (2, 7), (0, 7)], [(0, 1), (2, 1), (3, 2), (3, 4), (2, 5), (0, 7)]]",32,496
Instances/Set_64_234/p6.3.b.txt,165.0,3.7402843236923218,"[[(0, 1), (1, 2), (2, 3), (2, 5), (3, 6), (2, 7), (0, 7)], [(0, 1), (2, 1), (3, 2), (3, 4), (1, 6), (0, 7)]]",32,496
Instances/Set_64_234/p6.2.k.txt,165.0,3.329229235649109,"[[(0, 0), (3, 3), (0, 0)], [(0, 0), (3, 1), (1, 3), (1, 1), (0, 0)]]",17,136
Instances/Set_66_234/p5.3.q.txt,50.0,1.1181814670562744,"[[(0, 0), (1, 3), (1, 1), (0, 0)], [(0, 0), (3, 3), (3, 1), (0, 0)]]",17,136
Instances/Set_32_234/p1.4.c.txt,30.0,2.456911563873291,"[[(0, 0), (3, 3), (1, 1), (0, 0)], [(0, 0), (1, 3), (3, 1), (0, 0)]]",17,136
Instances/Set_102_234/p7.2.s.txt,30.0,20.951156854629517,"[[(0, 0), (1, 3), (1, 1), (0, 0)], [(0, 0), (3, 1), (3, 3), (0, 0)]]",17,136
Instances/Set_21_234/p2.4.f.txt,125.0,1.8105108737945557,"[[(0, 1), (2, 1), (3, 2), (3, 4), (0, 7)], [(0, 1), (1, 2), (2, 3), (2, 5), (3, 6), (2, 7), (0, 7)]]",32,496
